,Reference_sequence_segment,case details,protein_id,matching_frequency
723,AEDVG,case_37,sp|A0A075B6P5|KV228_HUMAN,1
723,AEDVG,case_37,sp|A0A075B6R9|KVD24_HUMAN,1
723,AEDVG,case_37,sp|A0A075B6S2|KVD29_HUMAN,1
723,AEDVG,case_37,sp|A0A075B6S6|KVD30_HUMAN,1
727,GSNKG,case_37,sp|A0A087WT02|TVA92_HUMAN,1
723,AEDVG,case_37,sp|A0A087WW87|KV240_HUMAN,1
723,AEDVG,case_37,sp|A0A0C4DH68|KV224_HUMAN,1
733,IIGLM,case_37,sp|A0A1B0GTR0|EDD13_HUMAN,1
706,FRHDS,case_37,sp|A1E959|ODAM_HUMAN,1
703,DAEFR,case_37,sp|A1L390|PKHG3_HUMAN,1
723,AEDVG,case_37,sp|A2NJV5|KV229_HUMAN,1
738,VGGVV,case_37,sp|A4D0V7|CPED1_HUMAN,1
732,AIIGL,case_37,sp|A6NC98|CC88B_HUMAN,1
738,VGGVV,case_37,sp|A6NHM9|MOXD2_HUMAN,1
716,HQKLV,case_37,sp|B0I1T2|MYO1G_HUMAN,1
717,QKLVF,case_37,sp|C9JSJ3|MEIOS_HUMAN,1
690,GSNKGA,case_36,sp|C9JTQ0|ANR63_HUMAN,1
727,GSNKG,case_37,sp|C9JTQ0|ANR63_HUMAN,1
728,SNKGA,case_37,sp|C9JTQ0|ANR63_HUMAN,1
732,AIIGL,case_37,sp|O00222|GRM8_HUMAN,1
731,GAIIG,case_37,sp|O00425|IF2B3_HUMAN,2
716,HQKLV,case_37,sp|O00499|BIN1_HUMAN,1
736,LMVGG,case_37,sp|O00501|CLD5_HUMAN,1
720,VFFAE,case_37,sp|O00534|VMA5A_HUMAN,1
732,AIIGL,case_37,sp|O00555|CAC1A_HUMAN,1
719,LVFFA,case_37,sp|O00590|ACKR2_HUMAN,1
723,AEDVG,case_37,sp|O14646|CHD1_HUMAN,1
723,AEDVG,case_37,sp|O14647|CHD2_HUMAN,1
727,GSNKG,case_37,sp|O14654|IRS4_HUMAN,1
715,HHQKL,case_37,sp|O15016|TRI66_HUMAN,1
740,GVVIA,case_37,sp|O15498|YKT6_HUMAN,1
734,IGLMV,case_37,sp|O15554|KCNN4_HUMAN,1
707,RHDSG,case_37,sp|O43497|CAC1G_HUMAN,1
719,LVFFA,case_37,sp|O43497|CAC1G_HUMAN,1
732,AIIGL,case_37,sp|O43820|HYAL3_HUMAN,1
734,IGLMV,case_37,sp|O60449|LY75_HUMAN,1
711,GYEVH,case_37,sp|O60547|GMDS_HUMAN,1
732,AIIGL,case_37,sp|O60840|CAC1F_HUMAN,1
738,VGGVV,case_37,sp|O75056|SDC3_HUMAN,1
726,VGSNK,case_37,sp|O75131|CPNE3_HUMAN,1
738,VGGVV,case_37,sp|O75157|T22D2_HUMAN,1
738,VGGVV,case_37,sp|O75343|GCYB2_HUMAN,1
728,SNKGA,case_37,sp|O75363|BCAS1_HUMAN,1
706,FRHDS,case_37,sp|O75534|CSDE1_HUMAN,1
739,GGVVI,case_37,sp|O75581|LRP6_HUMAN,1
723,AEDVG,case_37,sp|O75792|RNH2A_HUMAN,1
718,KLVFF,case_37,sp|O75830|SPI2_HUMAN,1
717,QKLVF,case_37,sp|O75882|ATRN_HUMAN,1
701,VGGVVI,case_36,sp|O94956|SO2B1_HUMAN,1
738,VGGVV,case_37,sp|O94956|SO2B1_HUMAN,1
739,GGVVI,case_37,sp|O94956|SO2B1_HUMAN,1
738,VGGVV,case_37,sp|O95140|MFN2_HUMAN,2
740,GVVIA,case_37,sp|O95258|UCP5_HUMAN,1
724,EDVGS,case_37,sp|O95361|TRI16_HUMAN,1
709,DSGYE,case_37,sp|O95447|LCA5L_HUMAN,1
724,EDVGS,case_37,sp|O95749|GGPPS_HUMAN,1
706,FRHDS,case_37,sp|O95759|TBCD8_HUMAN,1
719,LVFFA,case_37,sp|O95760|IL33_HUMAN,1
740,GVVIA,case_37,sp|O95857|TSN13_HUMAN,1
723,AEDVG,case_37,sp|P01614|KVD40_HUMAN,1
723,AEDVG,case_37,sp|P01615|KVD28_HUMAN,1
723,AEDVG,case_37,sp|P04083|ANXA1_HUMAN,1
731,GAIIG,case_37,sp|P04439|HLAA_HUMAN,1
723,AEDVG,case_37,sp|P06310|KV230_HUMAN,1
724,EDVGS,case_37,sp|P07900|HS90A_HUMAN,1
724,EDVGS,case_37,sp|P08238|HS90B_HUMAN,1
740,GVVIA,case_37,sp|P08514|ITA2B_HUMAN,1
710,SGYEV,case_37,sp|P08962|CD63_HUMAN,1
690,GSNKGA,case_36,sp|P09417|DHPR_HUMAN,1
727,GSNKG,case_37,sp|P09417|DHPR_HUMAN,1
728,SNKGA,case_37,sp|P09417|DHPR_HUMAN,1
730,KGAII,case_37,sp|P0C7T5|ATX1L_HUMAN,1
706,FRHDS,case_37,sp|P0CJ79|ZN888_HUMAN,1
722,FAEDV,case_37,sp|P10301|RRAS_HUMAN,1
740,GVVIA,case_37,sp|P10745|RET3_HUMAN,1
738,VGGVV,case_37,sp|P10747|CD28_HUMAN,1
737,MVGGV,case_37,sp|P11021|BIP_HUMAN,1
731,GAIIG,case_37,sp|P13747|HLAE_HUMAN,1
728,SNKGA,case_37,sp|P13807|GYS1_HUMAN,1
740,GVVIA,case_37,sp|P15529|MCP_HUMAN,1
733,IIGLM,case_37,sp|P15907|SIAT1_HUMAN,1
724,EDVGS,case_37,sp|P19075|TSN8_HUMAN,1
707,RHDSG,case_37,sp|P21589|5NTD_HUMAN,1
723,AEDVG,case_37,sp|P22570|ADRO_HUMAN,1
735,GLMVG,case_37,sp|P23141|EST1_HUMAN,1
738,VGGVV,case_37,sp|P23142|FBLN1_HUMAN,2
740,GVVIA,case_37,sp|P25100|ADA1D_HUMAN,1
707,RHDSG,case_37,sp|P25963|IKBA_HUMAN,1
724,EDVGS,case_37,sp|P26006|ITA3_HUMAN,1
702,GGVVIA,case_36,sp|P28070|PSB4_HUMAN,1
739,GGVVI,case_37,sp|P28070|PSB4_HUMAN,1
740,GVVIA,case_37,sp|P28070|PSB4_HUMAN,1
724,EDVGS,case_37,sp|P29320|EPHA3_HUMAN,1
705,EFRHD,case_37,sp|P29353|SHC1_HUMAN,1
732,AIIGL,case_37,sp|P31512|FMO4_HUMAN,1
737,MVGGV,case_37,sp|P31937|3HIDH_HUMAN,1
707,RHDSG,case_37,sp|P35368|ADA1B_HUMAN,1
710,SGYEV,case_37,sp|P35555|FBN1_HUMAN,1
731,GAIIG,case_37,sp|P36896|ACV1B_HUMAN,1
731,GAIIG,case_37,sp|P41732|TSN7_HUMAN,1
732,AIIGL,case_37,sp|P42126|ECI1_HUMAN,1
704,AEFRH,case_37,sp|P42224|STAT1_HUMAN,1
717,QKLVF,case_37,sp|P42858|HD_HUMAN,1
731,GAIIG,case_37,sp|P46721|SO1A2_HUMAN,1
709,DSGYE,case_37,sp|P46939|UTRN_HUMAN,1
718,KLVFF,case_37,sp|P47989|XDH_HUMAN,1
716,HQKLV,case_37,sp|P48378|RFX2_HUMAN,1
732,AIIGL,case_37,sp|P49326|FMO5_HUMAN,1
716,HQKLV,case_37,sp|P49418|AMPH_HUMAN,1
732,AIIGL,case_37,sp|P49961|ENTP1_HUMAN,1
732,AIIGL,case_37,sp|P50416|CPT1A_HUMAN,1
722,FAEDV,case_37,sp|P51153|RAB13_HUMAN,1
738,VGGVV,case_37,sp|P51610|HCFC1_HUMAN,1
738,VGGVV,case_37,sp|P51798|CLCN7_HUMAN,1
717,QKLVF,case_37,sp|P51826|AFF3_HUMAN,1
690,GSNKGA,case_36,sp|P51911|CNN1_HUMAN,1
727,GSNKG,case_37,sp|P51911|CNN1_HUMAN,1
728,SNKGA,case_37,sp|P51911|CNN1_HUMAN,1
722,FAEDV,case_37,sp|P52179|MYOM1_HUMAN,1
727,GSNKG,case_37,sp|P52630|STAT2_HUMAN,1
703,DAEFR,case_37,sp|P53618|COPB_HUMAN,1
738,VGGVV,case_37,sp|P54198|HIRA_HUMAN,1
728,SNKGA,case_37,sp|P54840|GYS2_HUMAN,1
731,GAIIG,case_37,sp|P55087|AQP4_HUMAN,1
719,LVFFA,case_37,sp|P59536|T2R41_HUMAN,1
700,MVGGVV,case_36,sp|P62079|TSN5_HUMAN,1
737,MVGGV,case_37,sp|P62079|TSN5_HUMAN,1
738,VGGVV,case_37,sp|P62079|TSN5_HUMAN,1
725,DVGSN,case_37,sp|P62312|LSM6_HUMAN,1
731,GAIIG,case_37,sp|P78310|CXAR_HUMAN,1
721,FFAED,case_37,sp|P78527|PRKDC_HUMAN,1
723,AEDVG,case_37,sp|P98171|RHG04_HUMAN,1
688,DVGSNK,case_36,sp|Q00577|PURA_HUMAN,1
725,DVGSN,case_37,sp|Q00577|PURA_HUMAN,1
726,VGSNK,case_37,sp|Q00577|PURA_HUMAN,1
732,AIIGL,case_37,sp|Q00975|CAC1B_HUMAN,1
732,AIIGL,case_37,sp|Q01668|CAC1D_HUMAN,1
732,AIIGL,case_37,sp|Q01740|FMO1_HUMAN,1
726,VGSNK,case_37,sp|Q02252|MMSA_HUMAN,1
722,FAEDV,case_37,sp|Q06278|AOXA_HUMAN,1
722,FAEDV,case_37,sp|Q06787|FMR1_HUMAN,1
709,DSGYE,case_37,sp|Q09472|EP300_HUMAN,1
726,VGSNK,case_37,sp|Q13009|TIAM1_HUMAN,1
726,VGSNK,case_37,sp|Q13045|FLII_HUMAN,1
714,VHHQK,case_37,sp|Q13106|ZN154_HUMAN,1
718,KLVFF,case_37,sp|Q13445|TMED1_HUMAN,1
723,AEDVG,case_37,sp|Q13568|IRF5_HUMAN,1
723,AEDVG,case_37,sp|Q13698|CAC1S_HUMAN,1
732,AIIGL,case_37,sp|Q13698|CAC1S_HUMAN,1
732,AIIGL,case_37,sp|Q13936|CAC1C_HUMAN,1
705,EFRHD,case_37,sp|Q14004|CDK13_HUMAN,1
738,VGGVV,case_37,sp|Q14137|BOP1_HUMAN,1
732,AIIGL,case_37,sp|Q14397|GCKR_HUMAN,1
724,EDVGS,case_37,sp|Q14568|HS902_HUMAN,1
738,VGGVV,case_37,sp|Q14686|NCOA6_HUMAN,1
720,VFFAE,case_37,sp|Q14693|LPIN1_HUMAN,1
682,LVFFAE,case_36,sp|Q14721|KCNB1_HUMAN,1
719,LVFFA,case_37,sp|Q14721|KCNB1_HUMAN,1
720,VFFAE,case_37,sp|Q14721|KCNB1_HUMAN,1
695,AIIGLM,case_36,sp|Q14831|GRM7_HUMAN,1
732,AIIGL,case_37,sp|Q14831|GRM7_HUMAN,1
733,IIGLM,case_37,sp|Q14831|GRM7_HUMAN,1
702,GGVVIA,case_36,sp|Q14D33|RTP5_HUMAN,1
739,GGVVI,case_37,sp|Q14D33|RTP5_HUMAN,1
740,GVVIA,case_37,sp|Q14D33|RTP5_HUMAN,1
719,LVFFA,case_37,sp|Q15012|LAP4A_HUMAN,1
739,GGVVI,case_37,sp|Q15223|NECT1_HUMAN,1
735,GLMVG,case_37,sp|Q15542|TAF5_HUMAN,1
732,AIIGL,case_37,sp|Q15878|CAC1E_HUMAN,1
724,EDVGS,case_37,sp|Q3B820|F161A_HUMAN,1
738,VGGVV,case_37,sp|Q3KNW5|SOAT_HUMAN,1
732,AIIGL,case_37,sp|Q3LXA3|TKFC_HUMAN,1
706,FRHDS,case_37,sp|Q4LE39|ARI4B_HUMAN,1
739,GGVVI,case_37,sp|Q4ZG55|GREB1_HUMAN,1
738,VGGVV,case_37,sp|Q53GD3|CTL4_HUMAN,1
723,AEDVG,case_37,sp|Q58EX2|SDK2_HUMAN,1
724,EDVGS,case_37,sp|Q58FF6|H90B4_HUMAN,1
724,EDVGS,case_37,sp|Q58FF8|H90B2_HUMAN,1
724,EDVGS,case_37,sp|Q58FG0|HS905_HUMAN,1
701,VGGVVI,case_36,sp|Q58HT5|AWAT1_HUMAN,1
738,VGGVV,case_37,sp|Q58HT5|AWAT1_HUMAN,1
739,GGVVI,case_37,sp|Q58HT5|AWAT1_HUMAN,1
727,GSNKG,case_37,sp|Q5C9Z4|NOM1_HUMAN,1
717,QKLVF,case_37,sp|Q5HYC2|K2026_HUMAN,1
719,LVFFA,case_37,sp|Q5JQS5|OR2BB_HUMAN,1
718,KLVFF,case_37,sp|Q5JRS4|O10J3_HUMAN,1
716,HQKLV,case_37,sp|Q5JVF3|PCID2_HUMAN,1
731,GAIIG,case_37,sp|Q5JWR5|DOP1_HUMAN,1
724,EDVGS,case_37,sp|Q5JZY3|EPHAA_HUMAN,1
726,VGSNK,case_37,sp|Q5MIZ7|P4R3B_HUMAN,1
693,KGAIIG,case_36,sp|Q5SQI0|ATAT_HUMAN,1
730,KGAII,case_37,sp|Q5SQI0|ATAT_HUMAN,1
731,GAIIG,case_37,sp|Q5SQI0|ATAT_HUMAN,1
740,GVVIA,case_37,sp|Q5SVS4|KMCP1_HUMAN,1
710,SGYEV,case_37,sp|Q5T1V6|DDX59_HUMAN,1
729,NKGAI,case_37,sp|Q5TA45|INT11_HUMAN,1
723,AEDVG,case_37,sp|Q5TAP6|UT14C_HUMAN,1
734,IGLMV,case_37,sp|Q5VT97|SYDE2_HUMAN,1
704,AEFRH,case_37,sp|Q5VZ46|K1614_HUMAN,1
724,EDVGS,case_37,sp|Q5VZ72|IZUM3_HUMAN,1
726,VGSNK,case_37,sp|Q63HQ2|EGFLA_HUMAN,1
719,LVFFA,case_37,sp|Q674R7|ATG9B_HUMAN,1
709,DSGYE,case_37,sp|Q68CQ4|UTP25_HUMAN,1
714,VHHQK,case_37,sp|Q6DN72|FCRL6_HUMAN,1
738,VGGVV,case_37,sp|Q6IEY1|OR4F3_HUMAN,1
718,KLVFF,case_37,sp|Q6IQ20|NAPEP_HUMAN,1
732,AIIGL,case_37,sp|Q6KC79|NIPBL_HUMAN,1
733,IIGLM,case_37,sp|Q6KCM7|SCMC2_HUMAN,1
716,HQKLV,case_37,sp|Q6N021|TET2_HUMAN,1
717,QKLVF,case_37,sp|Q6NT04|TIGD7_HUMAN,1
738,VGGVV,case_37,sp|Q6P1N9|TATD1_HUMAN,1
736,LMVGG,case_37,sp|Q6P2H8|TMM53_HUMAN,1
738,VGGVV,case_37,sp|Q6P7N7|TMM81_HUMAN,1
736,LMVGG,case_37,sp|Q6PI48|SYDM_HUMAN,1
738,VGGVV,case_37,sp|Q6PIS1|S23A3_HUMAN,1
720,VFFAE,case_37,sp|Q6Q6R5|CRIP3_HUMAN,1
723,AEDVG,case_37,sp|Q6Q788|APOA5_HUMAN,1
701,VGGVVI,case_36,sp|Q6UVY6|MOXD1_HUMAN,1
738,VGGVV,case_37,sp|Q6UVY6|MOXD1_HUMAN,1
739,GGVVI,case_37,sp|Q6UVY6|MOXD1_HUMAN,1
716,HQKLV,case_37,sp|Q6UW02|CP20A_HUMAN,1
709,DSGYE,case_37,sp|Q6UWB1|I27RA_HUMAN,1
719,LVFFA,case_37,sp|Q6UWJ8|C16L2_HUMAN,1
736,LMVGG,case_37,sp|Q6ZNG0|ZN620_HUMAN,1
710,SGYEV,case_37,sp|Q6ZP01|RBM44_HUMAN,1
739,GGVVI,case_37,sp|Q6ZPD8|DG2L6_HUMAN,1
713,EVHHQ,case_37,sp|Q6ZRI0|OTOG_HUMAN,1
723,AEDVG,case_37,sp|Q6ZRS2|SRCAP_HUMAN,1
726,VGSNK,case_37,sp|Q6ZU64|CFA65_HUMAN,1
719,LVFFA,case_37,sp|Q6ZUK4|TMM26_HUMAN,1
739,GGVVI,case_37,sp|Q6ZVE7|GOT1A_HUMAN,1
738,VGGVV,case_37,sp|Q709C8|VP13C_HUMAN,1
703,DAEFR,case_37,sp|Q71F56|MD13L_HUMAN,1
730,KGAII,case_37,sp|Q7L3T8|SYPM_HUMAN,1
728,SNKGA,case_37,sp|Q7RTR2|NLRC3_HUMAN,1
723,AEDVG,case_37,sp|Q7Z3V4|UBE3B_HUMAN,1
732,AIIGL,case_37,sp|Q7Z419|R144B_HUMAN,1
736,LMVGG,case_37,sp|Q7Z4J2|GL6D1_HUMAN,1
697,IGLMVG,case_36,sp|Q7Z5M8|AB12B_HUMAN,1
734,IGLMV,case_37,sp|Q7Z5M8|AB12B_HUMAN,1
735,GLMVG,case_37,sp|Q7Z5M8|AB12B_HUMAN,1
719,LVFFA,case_37,sp|Q7Z7J7|LHPL4_HUMAN,1
726,VGSNK,case_37,sp|Q7Z7K0|COXM1_HUMAN,1
725,DVGSN,case_37,sp|Q86TA1|MOB3B_HUMAN,1
740,GVVIA,case_37,sp|Q86U38|NOP9_HUMAN,1
730,KGAII,case_37,sp|Q86UX2|ITIH5_HUMAN,1
730,KGAII,case_37,sp|Q86V21|AACS_HUMAN,1
731,GAIIG,case_37,sp|Q86W92|LIPB1_HUMAN,1
719,LVFFA,case_37,sp|Q86WD7|SPA9_HUMAN,1
738,VGGVV,case_37,sp|Q86YS7|C2CD5_HUMAN,1
716,HQKLV,case_37,sp|Q8IUI8|CRLF3_HUMAN,1
738,VGGVV,case_37,sp|Q8IUW5|RELL1_HUMAN,1
718,KLVFF,case_37,sp|Q8IV36|HID1_HUMAN,1
726,VGSNK,case_37,sp|Q8IWE2|NXP20_HUMAN,1
724,EDVGS,case_37,sp|Q8IWE5|PKHM2_HUMAN,1
738,VGGVV,case_37,sp|Q8IWT1|SCN4B_HUMAN,1
709,DSGYE,case_37,sp|Q8IWU2|LMTK2_HUMAN,1
726,VGSNK,case_37,sp|Q8IXH8|CAD26_HUMAN,1
727,GSNKG,case_37,sp|Q8IXJ9|ASXL1_HUMAN,1
738,VGGVV,case_37,sp|Q8IXV7|KLD8B_HUMAN,1
729,NKGAI,case_37,sp|Q8IY85|EFC13_HUMAN,1
727,GSNKG,case_37,sp|Q8IYA7|MKX_HUMAN,1
740,GVVIA,case_37,sp|Q8IZF0|NALCN_HUMAN,1
723,AEDVG,case_37,sp|Q8IZF7|AGRF2_HUMAN,1
731,GAIIG,case_37,sp|Q8MH63|LAT1N_HUMAN,1
720,VFFAE,case_37,sp|Q8N1I0|DOCK4_HUMAN,1
740,GVVIA,case_37,sp|Q8N1I0|DOCK4_HUMAN,1
717,QKLVF,case_37,sp|Q8N228|SCML4_HUMAN,1
740,GVVIA,case_37,sp|Q8N3Y1|FBXW8_HUMAN,1
718,KLVFF,case_37,sp|Q8N543|OGFD1_HUMAN,1
733,IIGLM,case_37,sp|Q8N5S1|S2541_HUMAN,1
723,AEDVG,case_37,sp|Q8N9W4|GG6L2_HUMAN,2
731,GAIIG,case_37,sp|Q8NBI6|XXLT1_HUMAN,1
737,MVGGV,case_37,sp|Q8NCK7|MOT11_HUMAN,1
738,VGGVV,case_37,sp|Q8NCK7|MOT11_HUMAN,1
731,GAIIG,case_37,sp|Q8ND30|LIPB2_HUMAN,1
716,HQKLV,case_37,sp|Q8NEH6|MNS1_HUMAN,1
714,VHHQK,case_37,sp|Q8NEK5|ZN548_HUMAN,1
736,LMVGG,case_37,sp|Q8NH72|OR4C6_HUMAN,1
700,MVGGVV,case_36,sp|Q8NI08|NCOA7_HUMAN,1
737,MVGGV,case_37,sp|Q8NI08|NCOA7_HUMAN,1
738,VGGVV,case_37,sp|Q8NI08|NCOA7_HUMAN,1
707,RHDSG,case_37,sp|Q8NI29|FBX27_HUMAN,1
737,MVGGV,case_37,sp|Q8TC26|TM163_HUMAN,1
734,IGLMV,case_37,sp|Q8TDU5|VNRL4_HUMAN,1
727,GSNKG,case_37,sp|Q8TDW7|FAT3_HUMAN,1
735,GLMVG,case_37,sp|Q8TER5|ARH40_HUMAN,1
738,VGGVV,case_37,sp|Q8WU76|SCFD2_HUMAN,1
719,LVFFA,case_37,sp|Q8WWF5|ZNRF4_HUMAN,1
723,AEDVG,case_37,sp|Q8WXD9|CSKI1_HUMAN,1
703,DAEFR,case_37,sp|Q8WYH8|ING5_HUMAN,1
724,EDVGS,case_37,sp|Q8WYP5|ELYS_HUMAN,1
720,VFFAE,case_37,sp|Q92539|LPIN2_HUMAN,1
724,EDVGS,case_37,sp|Q92771|DDX12_HUMAN,1
730,KGAII,case_37,sp|Q92786|PROX1_HUMAN,1
709,DSGYE,case_37,sp|Q92793|CBP_HUMAN,1
737,MVGGV,case_37,sp|Q92819|HYAS2_HUMAN,1
682,LVFFAE,case_36,sp|Q92953|KCNB2_HUMAN,1
719,LVFFA,case_37,sp|Q92953|KCNB2_HUMAN,1
720,VFFAE,case_37,sp|Q92953|KCNB2_HUMAN,1
732,AIIGL,case_37,sp|Q969G2|LHX4_HUMAN,1
714,VHHQK,case_37,sp|Q969V3|NCLN_HUMAN,1
736,LMVGG,case_37,sp|Q96AC1|FERM2_HUMAN,1
724,EDVGS,case_37,sp|Q96AQ6|PBIP1_HUMAN,1
740,GVVIA,case_37,sp|Q96AY3|FKB10_HUMAN,1
716,HQKLV,case_37,sp|Q96BD5|PF21A_HUMAN,1
738,VGGVV,case_37,sp|Q96BM0|I27L1_HUMAN,2
737,MVGGV,case_37,sp|Q96C11|FGGY_HUMAN,1
735,GLMVG,case_37,sp|Q96EU7|C1GLC_HUMAN,1
700,MVGGVV,case_36,sp|Q96FV3|TSN17_HUMAN,1
737,MVGGV,case_37,sp|Q96FV3|TSN17_HUMAN,1
738,VGGVV,case_37,sp|Q96FV3|TSN17_HUMAN,1
682,LVFFAE,case_36,sp|Q96IJ6|GMPPA_HUMAN,1
719,LVFFA,case_37,sp|Q96IJ6|GMPPA_HUMAN,1
720,VFFAE,case_37,sp|Q96IJ6|GMPPA_HUMAN,1
731,GAIIG,case_37,sp|Q96J84|KIRR1_HUMAN,1
726,VGSNK,case_37,sp|Q96L42|KCNH8_HUMAN,1
738,VGGVV,case_37,sp|Q96LU5|IMP1L_HUMAN,1
707,RHDSG,case_37,sp|Q96MH2|HEXI2_HUMAN,1
711,GYEVH,case_37,sp|Q96MH6|TMM68_HUMAN,1
671,HDSGYE,case_36,sp|Q96MU7|YTDC1_HUMAN,1
708,HDSGY,case_37,sp|Q96MU7|YTDC1_HUMAN,1
709,DSGYE,case_37,sp|Q96MU7|YTDC1_HUMAN,1
718,KLVFF,case_37,sp|Q96NU0|CNT3B_HUMAN,1
739,GGVVI,case_37,sp|Q96PD7|DGAT2_HUMAN,1
732,AIIGL,case_37,sp|Q96PN6|ADCYA_HUMAN,1
709,DSGYE,case_37,sp|Q96Q04|LMTK3_HUMAN,1
719,LVFFA,case_37,sp|Q96QE2|MYCT_HUMAN,1
732,AIIGL,case_37,sp|Q99527|GPER1_HUMAN,1
740,GVVIA,case_37,sp|Q99536|VAT1_HUMAN,1
724,EDVGS,case_37,sp|Q99715|COCA1_HUMAN,1
720,VFFAE,case_37,sp|Q9BQK8|LPIN3_HUMAN,1
699,LMVGGV,case_36,sp|Q9BQL6|FERM1_HUMAN,1
736,LMVGG,case_37,sp|Q9BQL6|FERM1_HUMAN,1
737,MVGGV,case_37,sp|Q9BQL6|FERM1_HUMAN,1
730,KGAII,case_37,sp|Q9BRQ3|NUD22_HUMAN,1
713,EVHHQ,case_37,sp|Q9BSF8|BTBDA_HUMAN,1
739,GGVVI,case_37,sp|Q9BTE6|AASD1_HUMAN,1
723,AEDVG,case_37,sp|Q9BVJ6|UT14A_HUMAN,1
739,GGVVI,case_37,sp|Q9BYN7|ZN341_HUMAN,1
721,FFAED,case_37,sp|Q9BYP7|WNK3_HUMAN,1
718,KLVFF,case_37,sp|Q9BZ76|CNTP3_HUMAN,1
734,IGLMV,case_37,sp|Q9BZW2|S13A1_HUMAN,1
718,KLVFF,case_37,sp|Q9C0G6|DYH6_HUMAN,1
698,GLMVGG,case_36,sp|Q9C0K0|BC11B_HUMAN,1
735,GLMVG,case_37,sp|Q9C0K0|BC11B_HUMAN,1
736,LMVGG,case_37,sp|Q9C0K0|BC11B_HUMAN,1
712,YEVHH,case_37,sp|Q9H0D2|ZN541_HUMAN,1
725,DVGSN,case_37,sp|Q9H0R6|GATA_HUMAN,1
713,EVHHQ,case_37,sp|Q9H0U6|RM18_HUMAN,1
724,EDVGS,case_37,sp|Q9H1E3|NUCKS_HUMAN,1
731,GAIIG,case_37,sp|Q9H330|TM245_HUMAN,1
739,GGVVI,case_37,sp|Q9H3H1|MOD5_HUMAN,1
721,FFAED,case_37,sp|Q9H583|HEAT1_HUMAN,1
704,AEFRH,case_37,sp|Q9H611|PIF1_HUMAN,1
737,MVGGV,case_37,sp|Q9H799|CPLN1_HUMAN,1
740,GVVIA,case_37,sp|Q9HBL0|TENS1_HUMAN,1
736,LMVGG,case_37,sp|Q9HC35|EMAL4_HUMAN,1
706,FRHDS,case_37,sp|Q9HC44|GPBL1_HUMAN,1
732,AIIGL,case_37,sp|Q9HD20|AT131_HUMAN,1
731,GAIIG,case_37,sp|Q9NP59|S40A1_HUMAN,1
703,DAEFR,case_37,sp|Q9NPB6|PAR6A_HUMAN,1
719,LVFFA,case_37,sp|Q9NPR9|GP108_HUMAN,1
719,LVFFA,case_37,sp|Q9NQ40|S52A3_HUMAN,1
738,VGGVV,case_37,sp|Q9NQE7|TSSP_HUMAN,1
723,AEDVG,case_37,sp|Q9NQH7|XPP3_HUMAN,1
727,GSNKG,case_37,sp|Q9NQT8|KI13B_HUMAN,1
732,AIIGL,case_37,sp|Q9NQW7|XPP1_HUMAN,1
725,DVGSN,case_37,sp|Q9NRJ7|PCDBG_HUMAN,1
721,FFAED,case_37,sp|Q9NSC2|SALL1_HUMAN,1
713,EVHHQ,case_37,sp|Q9NUQ8|ABCF3_HUMAN,1
718,KLVFF,case_37,sp|Q9NW82|WDR70_HUMAN,1
723,AEDVG,case_37,sp|Q9NXE8|CWC25_HUMAN,1
724,EDVGS,case_37,sp|Q9NXF1|TEX10_HUMAN,1
735,GLMVG,case_37,sp|Q9NXS3|KLH28_HUMAN,1
735,GLMVG,case_37,sp|Q9NY91|SC5A4_HUMAN,1
719,LVFFA,case_37,sp|Q9NYW5|TA2R4_HUMAN,1
707,RHDSG,case_37,sp|Q9NZ56|FMN2_HUMAN,1
731,GAIIG,case_37,sp|Q9NZI8|IF2B1_HUMAN,2
710,SGYEV,case_37,sp|Q9NZQ7|PD1L1_HUMAN,1
731,GAIIG,case_37,sp|Q9P0K1|ADA22_HUMAN,1
720,VFFAE,case_37,sp|Q9P0K7|RAI14_HUMAN,1
724,EDVGS,case_37,sp|Q9P209|CEP72_HUMAN,1
740,GVVIA,case_37,sp|Q9P296|C5AR2_HUMAN,1
738,VGGVV,case_37,sp|Q9P2J2|TUTLA_HUMAN,1
736,LMVGG,case_37,sp|Q9P2P1|NYNRI_HUMAN,1
726,VGSNK,case_37,sp|Q9UBL6|CPNE7_HUMAN,1
724,EDVGS,case_37,sp|Q9UBT6|POLK_HUMAN,1
739,GGVVI,case_37,sp|Q9UH77|KLHL3_HUMAN,1
737,MVGGV,case_37,sp|Q9UHV9|PFD2_HUMAN,1
690,GSNKGA,case_36,sp|Q9UI15|TAGL3_HUMAN,1
727,GSNKG,case_37,sp|Q9UI15|TAGL3_HUMAN,1
728,SNKGA,case_37,sp|Q9UI15|TAGL3_HUMAN,1
730,KGAII,case_37,sp|Q9UI40|NCKX2_HUMAN,1
736,LMVGG,case_37,sp|Q9UJ14|GGT7_HUMAN,1
706,FRHDS,case_37,sp|Q9UJL9|ZF69B_HUMAN,1
688,DVGSNK,case_36,sp|Q9UJV8|PURG_HUMAN,1
725,DVGSN,case_37,sp|Q9UJV8|PURG_HUMAN,1
726,VGSNK,case_37,sp|Q9UJV8|PURG_HUMAN,1
710,SGYEV,case_37,sp|Q9UKV3|ACINU_HUMAN,1
735,GLMVG,case_37,sp|Q9UKY3|CES1P_HUMAN,1
690,GSNKGA,case_36,sp|Q9ULD9|ZN608_HUMAN,1
727,GSNKG,case_37,sp|Q9ULD9|ZN608_HUMAN,1
728,SNKGA,case_37,sp|Q9ULD9|ZN608_HUMAN,1
732,AIIGL,case_37,sp|Q9ULI1|NWD2_HUMAN,1
739,GGVVI,case_37,sp|Q9ULI2|RIMKB_HUMAN,1
719,LVFFA,case_37,sp|Q9UMX3|BOK_HUMAN,1
725,DVGSN,case_37,sp|Q9UN70|PCDGK_HUMAN,1
725,DVGSN,case_37,sp|Q9UN73|PCDA6_HUMAN,1
703,DAEFR,case_37,sp|Q9UNL4|ING4_HUMAN,1
728,SNKGA,case_37,sp|Q9UPN4|CP131_HUMAN,1
740,GVVIA,case_37,sp|Q9UQV4|LAMP3_HUMAN,1
732,AIIGL,case_37,sp|Q9Y2A7|NCKP1_HUMAN,1
740,GVVIA,case_37,sp|Q9Y2I8|WDR37_HUMAN,1
724,EDVGS,case_37,sp|Q9Y303|NAGA_HUMAN,1
721,FFAED,case_37,sp|Q9Y3S1|WNK2_HUMAN,1
705,EFRHD,case_37,sp|Q9Y4D7|PLXD1_HUMAN,1
726,VGSNK,case_37,sp|Q9Y4F3|MARF1_HUMAN,1
725,DVGSN,case_37,sp|Q9Y5E5|PCDB4_HUMAN,1
725,DVGSN,case_37,sp|Q9Y5E8|PCDBF_HUMAN,1
725,DVGSN,case_37,sp|Q9Y5E9|PCDBE_HUMAN,1
725,DVGSN,case_37,sp|Q9Y5F7|PCDGL_HUMAN,1
723,AEDVG,case_37,sp|Q9Y5G5|PCDG8_HUMAN,1
736,LMVGG,case_37,sp|Q9Y694|S22A7_HUMAN,1
739,GGVVI,case_37,sp|Q9Y6B7|AP4B1_HUMAN,1
740,GVVIA,case_37,sp|Q9Y6C5|PTC2_HUMAN,1
715,HHQKL,case_37,sp|Q9Y6H3|ATP23_HUMAN,1
731,GAIIG,case_37,sp|Q9Y6M1|IF2B2_HUMAN,2
735,GLMVG,case_37,sp|Q9Y6M7|S4A7_HUMAN,1
716,HQKLV,case_37,sp|Q9Y6R6|Z780B_HUMAN,1
729,NKGAI,case_37,sp|Q9Y6T7|DGKB_HUMAN,1
728,SNKGA,case_37,sp|Q9Y6X0|SETBP_HUMAN,1
